,strain,THC,CBD,Terpentines,MinorCanabanoids,Description,Feelings,HelpsWith,Negatives,type,rating,reviewCount
0,blue-dream,16–20% THC,< 1% CBD,"['Myrcene', 'Pinene', 'Caryophyllene']",No relevant amounts,"Blue Dream, a sativa-dominant hybrid originating in California, has achieved legendary status among West Coast strains. Crossing Blueberry with Haze, Blue Dream balances full-body relaxation with gentle cerebral invigoration. Novice and veteran consumers alike enjoy the level effects of Blue Dream, which ease you gently into a calm euphoria.  
 With a sweet berry aroma redolent of its Blueberry parent, Blue Dream delivers swift symptom relief without heavy sedative effects. This makes Blue Dream a popular daytime medicine for patients treating pain, depression, nausea, and other ailments requiring a high THC strain. ","['Happy 60%', 'Euphoric 55%', 'Relaxed 51%', 'Uplifted 50%', 'Creative 40%']","['Stress 39%', 'Anxiety 30%', 'Depression 29%', 'Pain 28%', 'Insomnia 14%']","['Dry mouth 32%', 'Dry eyes 17%', 'Paranoid 7%', 'Dizzy 7%', 'Anxious 4%']",Hybrid,4.3 ,13067 reviews
1,gelato,14–20% THC,< 1% CBD,"['Caryophyllene', 'Limonene', 'Humulene']",No relevant amounts,"Gelato (also referred to as ""Larry Bird"") is a tantalizing hybrid cannabis strain from Cookie Fam and Sherbinski, following in the footsteps of its parents Sunset Sherbet and Thin Mint GSC. This Bay Area, California native gets its name from the fruity, dessert-like aroma, a common genetic thread among the Cookie family. Her buds tend to bloom in dark purple hues illuminated by fiery orange hairs and a shining white coat of crystal resin. Novice consumers may want to approach this THC powerhouse with caution, but those armed with a high tolerance will delight in Gelato’s heavy-handed euphoria. Physical relaxation comes on strong, but many find themselves still mentally agile enough to stay productive and creative when enjoying Gelato during the day.","['Relaxed 60%', 'Happy 55%', 'Euphoric 52%', 'Uplifted 41%', 'Creative 30%']","['Stress 30%', 'Anxiety 24%', 'Depression 24%', 'Pain 21%', 'Insomnia 13%']","['Dry mouth 26%', 'Dry eyes 12%', 'Dizzy 5%', 'Paranoid 4%', 'Anxious 4%']",Hybrid,4.7 ,1488 reviews
2,sour-diesel,16–20% THC,< 1% CBD,"['Caryophyllene', 'Limonene', 'Myrcene']",No relevant amounts,"Sour Diesel, sometimes called Sour D, is an invigorating sativa-dominant strain named after its pungent, diesel-like aroma. This fast-acting strain delivers energizing, dreamy cerebral effects that have pushed Sour Diesel to its legendary status. Stress, pain, and depression fade away in long-lasting relief that makes Sour Diesel a top choice among medical patients. This strain took root in the early '90s, and it is believed to have descended from Chemdog 91 and Super Skunk.","['Happy 63%', 'Uplifted 54%', 'Euphoric 54%', 'Energetic 50%', 'Creative 43%']","['Stress 39%', 'Depression 29%', 'Anxiety 28%', 'Pain 24%', 'Fatigue 13%']","['Dry mouth 35%', 'Dry eyes 19%', 'Paranoid 10%', 'Dizzy 8%', 'Headache 5%']",Sativa,4.3 ,7550 reviews
3,wedding-cake,17–24% THC,< 1% CBD,"['Caryophyllene', 'Limonene', 'Myrcene']",No relevant amounts,"Wedding Cake, also known as Pink Cookies, is the familial genetic cross of GSC and Cherry Pie. This delectable treat is rich with tangy sweet earth and pepper, taking notes and dimension from its OG and Durban Poison parentage. Enjoy this double dose of dense dankness with care, as certain farms have noted its extremely high THC content. 
  ","['Relaxed 67%', 'Happy 57%', 'Euphoric 46%', 'Uplifted 40%', 'Hungry 24%']","['Stress 27%', 'Depression 21%', 'Anxiety 18%', 'Pain 18%', 'Insomnia 11%']","['Dry mouth 21%', 'Dry eyes 11%', 'Dizzy 6%', 'Anxious 3%', 'Paranoid 2%']",Hybrid,4.6 ,878 reviews
4,gsc,16–21% THC,< 1% CBD,"['Caryophyllene', 'Limonene', 'Humulene']",No relevant amounts,"GSC, formerly known as Girl Scout Cookies, is an OG Kush and Durban Poison hybrid cross whose reputation grew too large to stay within the borders of its California homeland. With a sweet and earthy aroma, GSC launches you to euphoria’s top floor where full-body relaxation meets a time-bending cerebral space. A little goes a long way with this hybrid, whose THC heights have won GSC numerous Cannabis Cup awards. Patients needing a strong dose of relief, however, may look to GSC for severe pain, nausea, and appetite loss. 
 There are several different phenotypes of the GSC strain including Thin Mint and Platinum GSC, which exhibit some variation in appearance and effect. Typically, however, GSC expresses its beauty in twisting green calyxes wrapped in purple leaves and fiery orange hairs. Patients and consumers looking to cultivate this cannabis staple themselves should wait 9 to 10 weeks for their indoor plants to finish flowering.","['Happy 63%', 'Relaxed 59%', 'Euphoric 54%', 'Uplifted 47%', 'Creative 35%']","['Stress 36%', 'Depression 28%', 'Pain 27%', 'Anxiety 27%', 'Insomnia 14%']","['Dry mouth 27%', 'Dry eyes 14%', 'Dizzy 5%', 'Paranoid 5%', 'Anxious 4%']",Hybrid,4.4 ,6936 reviews
5,purple-punch,16–20% THC,< 1% CBD,"['Caryophyllene', 'Limonene', 'Pinene']",No relevant amounts,"Purple Punch is the sweet and sedating union of two indica-dominant classics. By breeding Larry OG with Granddaddy Purple, the astonishing trichome laden Purple Punch was born, smelling of grape candy, blueberry muffins, and tart Kool-Aid. The potency of this strain gives the consumer a one-two punch to the head and body, initially landing between the eyes and settling down into the limbs. Purple Punch is a delicious dessert strain that is best suited for after dinner. Its effects may help with managing nausea, stress, minor body aches, and sleeplessness.","['Relaxed 78%', 'Happy 52%', 'Euphoric 47%', 'Sleepy 44%', 'Uplifted 31%']","['Stress 34%', 'Anxiety 29%', 'Pain 27%', 'Depression 27%', 'Insomnia 25%']","['Dry mouth 27%', 'Dry eyes 15%', 'Dizzy 7%', 'Anxious 3%', 'Headache 3%']",Indica,4.6 ,771 reviews
6,og-kush,16–20% THC,< 1% CBD,"['Myrcene', 'Limonene', 'Caryophyllene']",No relevant amounts,"OG Kush was first cultivated in Florida, in the early ‘90s when a strain from Northern California was crossed with a Hindu Kush plant from Amsterdam. The result was a hybrid with a unique terpene profile that boasts a complex aroma with notes of fuel, skunk, and spice.  
 The genetic backbone of West Coast cannabis varieties, OG Kush arrived in Los Angeles in 1996 when Matt “Bubba” Berger brought it (along with “The Bubba,” which was later used to create the famed Bubba Kush) from Florida to legendary cultivator Josh D. Since then, OG Kush has become a worldwide staple used to create numerous famous strains like GSC and Headband. There are many different phenotypes of OG Kush, including Tahoe OG, SFV OG, and Ghost OG.","['Happy 60%', 'Relaxed 55%', 'Euphoric 54%', 'Uplifted 41%', 'Hungry 33%']","['Stress 42%', 'Anxiety 31%', 'Pain 31%', 'Depression 26%', 'Insomnia 23%']","['Dry mouth 38%', 'Dry eyes 23%', 'Paranoid 9%', 'Dizzy 9%', 'Headache 5%']",Hybrid,4.3 ,5082 reviews
7,original-glue,18–22% THC,< 1% CBD,"['Caryophyllene', 'Limonene', 'Myrcene']",No relevant amounts,"Original Glue (GG4), developed by GG Strains, is a potent hybrid strain that delivers heavy-handed euphoria and relaxation, leaving you feeling “glued” to the couch. Its chunky, resin-covered buds fill the room with pungent earthy and sour aromas inherited from its parent strains, Chem’s Sister, Sour Dubb, and Chocolate Diesel. Taking first place in both the Michigan and Los Angeles 2014 Cannabis Cups as well as the High Times Jamaican World Cup, this multiple award-winning hybrid's supremacy is no longer a secret, and consumers will search far and wide to get their hands sticky with Original Glue (GG4).","['Relaxed 71%', 'Happy 58%', 'Euphoric 55%', 'Uplifted 42%', 'Sleepy 29%']","['Stress 34%', 'Pain 27%', 'Depression 27%', 'Anxiety 24%', 'Insomnia 20%']","['Dry mouth 27%', 'Dry eyes 14%', 'Dizzy 5%', 'Paranoid 5%', 'Anxious 4%']",Hybrid,4.7 ,4036 reviews
8,jack-herer,15–19% THC,< 1% CBD,"['Terpinolene', 'Caryophyllene', 'Myrcene']",No relevant amounts,"Jack Herer is a sativa-dominant cannabis strain that has gained as much renown as its namesake, the marijuana activist and author of The Emperor Wears No Clothes. Combining a Haze hybrid with a Northern Lights #5 and Shiva Skunk cross, Sensi Seeds created Jack Herer hoping to capture both cerebral elevation and heavy resin production. Its rich genetic background gives rise to several different variations of Jack Herer, each phenotype bearing its own unique features and effects. However, consumers typically describe this 55% sativa hybrid as blissful, clear-headed, and creative. 
 Jack Herer was created in the Netherlands in the mid-1990s, where it was later distributed by Dutch pharmacies as a recognized medical-grade strain. Since then, this spicy, pine-scented strain has taken home numerous awards for its quality and potency. Many breeders have attempted to cultivate this staple strain themselves in sunny or Mediterranean climates, and indoor growers should wait 50 to 70 days for Jack Herer to flower.","['Happy 57%', 'Uplifted 53%', 'Euphoric 49%', 'Energetic 48%', 'Creative 44%']","['Stress 38%', 'Depression 30%', 'Anxiety 29%', 'Pain 22%', 'Fatigue 15%']","['Dry mouth 27%', 'Dry eyes 16%', 'Paranoid 6%', 'Dizzy 6%', 'Anxious 4%']",Sativa,4.3 ,4236 reviews
9,green-crack,15–18% THC,< 1% CBD,"['Myrcene', 'Caryophyllene', 'Limonene']",No relevant amounts,"Don’t let the name fool you: this is pure cannabis. Few strains compare to Green Crack’s sharp energy and focus as it induces an invigorating mental buzz that keeps you going throughout the day. With a tangy, fruity flavor redolent of mango, Green Crack is a great daytime strain that may help consumers fight fatigue, stress, and depression. Because its name perpetuates a negative image of cannabis, some people have taken to calling this strain Cush (with a ‘C’) or Green Cush instead.","['Energetic 64%', 'Happy 57%', 'Uplifted 55%', 'Euphoric 46%', 'Focused 42%']","['Stress 37%', 'Anxiety 29%', 'Depression 28%', 'Pain 20%', 'Fatigue 18%']","['Dry mouth 29%', 'Dry eyes 17%', 'Paranoid 9%', 'Anxious 7%', 'Dizzy 6%']",Sativa,4.3 ,6234 reviews
10,granddaddy-purple,15–19% THC,< 1% CBD,"['Myrcene', 'Caryophyllene', 'Pinene']",No relevant amounts,"Introduced in 2003 by Ken Estes, Granddaddy Purple (or GDP) is a famous indica cross of Purple Urkle and Big Bud. This California staple inherits a complex grape and berry aroma from its Purple Urkle parent, while Big Bud passes on its oversized, compact bud structure. GDP flowers bloom in shades of deep purple, a contrasting backdrop for its snow-like dusting of white crystal resin. 
 Its potent effects are clearly detectable in both mind and body, delivering a fusion of cerebral euphoria and physical relaxation. While your thoughts may float in a dreamy buzz, your body is more likely to find itself fixed in one spot for the duration of GDP’s effects. Granddaddy Purple is typically pulled off the shelf for consumers looking to combat pain, stress, insomnia, appetite loss, and muscle spasms. GDP blesses growers with massive yields which are ready for harvest following a 60 day flowering time indoors.","['Relaxed 60%', 'Sleepy 49%', 'Happy 47%', 'Euphoric 45%', 'Hungry 33%']","['Stress 40%', 'Pain 35%', 'Anxiety 31%', 'Insomnia 31%', 'Depression 22%']","['Dry mouth 31%', 'Dry eyes 18%', 'Dizzy 7%', 'Paranoid 5%', 'Headache 3%']",Indica,4.4 ,4714 reviews
11,white-widow,14–18% THC,< 1% CBD,"['Myrcene', 'Caryophyllene', 'Limonene']",No relevant amounts,"Among the most famous strains worldwide is White Widow, a balanced hybrid first bred in the Netherlands by Green House Seeds. A cross between a Brazilian sativa landrace and a resin-heavy South Indian indica,  White Widow has blessed every Dutch coffee shop menu since its birth in the 1990s. Its buds are white with crystal resin, warning you of the potent effects to come. A powerful burst of euphoria and energy breaks through immediately, stimulating both conversation and creativity. White Widow’s genetics have given rise to many other legends like White Russian, White Rhino, and Blue Widow. Still, many growers prefer cultivation of the original White Widow, which flowers in about 60 days indoors.","['Happy 59%', 'Euphoric 56%', 'Uplifted 50%', 'Relaxed 45%', 'Creative 38%']","['Stress 38%', 'Pain 28%', 'Anxiety 28%', 'Depression 27%', 'Insomnia 14%']","['Dry mouth 36%', 'Dry eyes 21%', 'Dizzy 9%', 'Paranoid 8%', 'Anxious 4%']",Hybrid,4.3 ,3945 reviews
12,sunset-sherbert,16–20% THC,< 1% CBD,"['Caryophyllene', 'Limonene', 'Humulene']",No relevant amounts,"Heir to the GSC throne is Sherbert, also known as Sherbet and/or Sunset Sherbert, an indica-leaning hybrid with intoxicatingly potent effects. Bred by Mr. Sherbinski, Sherbert inherits the genetic lineage of its GSC parent, whose ancestors include the famed OG Kush, Cherry Pie, and Durban Poison. Crossed with Pink Panties, Sherbert exhibits powerful full-body effects elevated by a jolt of cerebral energy. A complex aroma colors Sherbert with notes of skunky citrus, sweet berry, and that candy-like smell redolent of its GSC parent. Stress, tension, and sour moods melt away with the carefree mindset and physical relaxation that comes with this rich hybrid.","['Relaxed 64%', 'Happy 55%', 'Euphoric 47%', 'Uplifted 39%', 'Creative 27%']","['Stress 33%', 'Depression 27%', 'Anxiety 24%', 'Pain 24%', 'Insomnia 14%']","['Dry mouth 20%', 'Dry eyes 10%', 'Anxious 4%', 'Dizzy 4%', 'Paranoid 3%']",Hybrid,4.6 ,1215 reviews
13,runtz,THC,CBD,[],No data yet. We're gathering more samples to provide you with reliable information.,"A hyped Cookies Family strain, Runtz is a cross of Zkittlez and Gelato that is rare and sought-after. Celebrated for its incredibly fruity profile that smells just like a bag of the sugary candy, the strain has resin-drenched buds that range in color from rich purple to lime green. Runtz is also noted for its creamy smoke that is smooth and welcoming alongside a euphoric and elevating high that lasts for hours. 
   
  ","['Happy 51%', 'Euphoric 50%', 'Uplifted 50%', 'Relaxed 46%', 'Creative 32%']","['Stress 21%', 'Anxiety 17%', 'Depression 15%', 'Lack of appetite 9%', 'Pain 9%']","['Dry mouth 11%', 'Dizzy 7%', 'Dry eyes 5%', 'Anxious 3%', 'Headache 1%']",Hybrid,4.7 ,94 reviews
14,pineapple-express,14–19% THC,< 1% CBD,"['Caryophyllene', 'Limonene', 'Myrcene']",No relevant amounts,"Pineapple Express combines the potent and flavorful forces of parent strains Trainwreck and Hawaiian. The smell is likened to fresh apple and mango, with a taste of pineapple, pine, and cedar. This hard-hitting hybrid provides a long-lasting energetic buzz perfect for productive afternoons and creative escapes.","['Happy 67%', 'Uplifted 52%', 'Euphoric 48%', 'Energetic 44%', 'Relaxed 43%']","['Stress 34%', 'Depression 29%', 'Anxiety 25%', 'Pain 19%', 'Fatigue 12%']","['Dry mouth 29%', 'Dry eyes 16%', 'Paranoid 6%', 'Dizzy 6%', 'Anxious 4%']",Hybrid,4.4 ,3464 reviews
15,zkittlez,16–20% THC,< 1% CBD,"['Caryophyllene', 'Humulene', 'Linalool']",No relevant amounts,"Zkittlez is an indica-dominant mix of Grape Ape and Grapefruit that is crossed with another undisclosed strain to produce this candy-flavored strain bred by 3rd Gen Family and Terp Hogz. This award-winning combination took 1st Place at the 2016 Emerald Cup and 1st Place Indica at the 2015 Cannabis Cups in San Francisco and in Michigan. The chunky colas explode in a spectrum of light green hues and emit a sweet, tropical blend of fruit flavors. The effects of Zkittlez are calming, leaving consumers focused, alert, and happy while relaxing the body to help unwind any time of day.","['Relaxed 56%', 'Happy 35%', 'Euphoric 32%', 'Uplifted 27%', 'Sleepy 23%']","['Stress 23%', 'Depression 19%', 'Anxiety 19%', 'Pain 17%', 'Insomnia 12%']","['Dry mouth 19%', 'Dry eyes 11%', 'Headache 3%', 'Dizzy 3%', 'Anxious 3%']",Indica,4.6 ,480 reviews
16,northern-lights,14–19% THC,< 1% CBD,"['Myrcene', 'Caryophyllene', 'Limonene']",No relevant amounts,"Northern Lights stands among the most famous strains of all time, a pure indica cherished for its resinous buds, fast flowering, and resilience during growth. Itself a descendant of indigenous Afghani and Thai landrace strains, Northern Lights has given rise to famous hybrids like Shiva Skunk and Super Silver Haze. Rumor has it that Northern Lights first sprouted near Seattle, Washington, but was propagated out of Holland after 1985 at what is now Sensi Seeds. 
 Pungently sweet, spicy aromas radiate from the crystal-coated buds, which sometimes reveal themselves in hues of purple. Northern Lights’ psychoactive effects settle in firmly throughout the body, relaxing muscles and pacifying the mind in dreamy euphoria. Comfortable laziness allows patients to relieve pain and sleeplessness, while its mellow contentment roots out depression and stress. Several different Northern Lights phenotypes circulate the market, but Sensi Seeds recommends a general indoor flowering time of 45 to 50 days.","['Relaxed 64%', 'Happy 53%', 'Euphoric 51%', 'Sleepy 43%', 'Uplifted 32%']","['Stress 42%', 'Pain 32%', 'Anxiety 31%', 'Insomnia 29%', 'Depression 25%']","['Dry mouth 34%', 'Dry eyes 17%', 'Dizzy 8%', 'Paranoid 5%', 'Headache 3%']",Indica,4.4 ,3011 reviews
17,mimosa,18–22% THC,< 1% CBD,"['Myrcene', 'Pinene', 'Limonene']",No relevant amounts,"Mimosa by Symbiotic Genetics is a rising star in the cannabis community. A cross of Clementine and Purple Punch, this strain has garnered praise for its outstanding fruit punch, citrus rind aroma and pleasurable mid-level buzz. Like the beverage, there is no bad time to enjoy Mimosa, but if you enjoy too much, the trajectory of your day will need adjusting.  ","['Happy 52%', 'Uplifted 50%', 'Focused 46%', 'Energetic 44%', 'Relaxed 42%']","['Depression 24%', 'Stress 24%', 'Anxiety 21%', 'Pain 16%', 'Fatigue 15%']","['Dry mouth 13%', 'Dry eyes 12%', 'Anxious 3%', 'Dizzy 3%', 'Paranoid 2%']",Hybrid,4.5 ,394 reviews
18,do-si-dos,18–22% THC,< 1% CBD,"['Limonene', 'Caryophyllene', 'Linalool']",No relevant amounts,"Do-Si-Dos is an indica-dominant hybrid with qualities similar to its parent, OGKB, a GSC-phenotype. With glittering trichomes, bright pistils, and lime green and lavender leaves, this strain is a feast for eyes. Its aroma is pungent, sweet, and earthy with slight floral funkiness. These classic OG aromas blend nicely with medical-grade body effects that lean toward the sedative side with the addition of Face Off OG genetics. Enjoy a stoney, in-your-face buzz off the start that melts down over the body, prettifying the consumer with relaxation that emanates outward. ","['Relaxed 68%', 'Euphoric 43%', 'Happy 43%', 'Sleepy 38%', 'Uplifted 30%']","['Stress 32%', 'Pain 25%', 'Anxiety 25%', 'Insomnia 23%', 'Depression 20%']","['Dry mouth 21%', 'Dry eyes 11%', 'Dizzy 7%', 'Paranoid 3%', 'Anxious 2%']",Indica,4.7 ,579 reviews
19,bubba-kush,14–19% THC,< 1% CBD,"['Caryophyllene', 'Limonene', 'Myrcene']",No relevant amounts,"Bubba Kush is an indica strain that has gained notoriety in the US and beyond for its heavy tranquilizing effects. Sweet hashish flavors with subtle notes of chocolate and coffee come through on the exhale, delighting the palate as powerful relaxation takes over. From head to toe, muscles ease with heaviness as dreamy euphoria blankets the mind, crushing stress while bringing happy moods. Bubba Kush exhibits a distinctive, bulky bud structure with hues that range from forest green to pale purple. 
 Bubba’s stocky plant stature and bulky bud structure suggest Afghani descent, but its genetic origins aren’t certain. The breeder whom this strain was named after states that Bubba Kush emerged just after 1996, when an OG Kush pollinated an unknown indica strain obtained in New Orleans. The mother plant was supposedly Northern Lights, but the genetically ambiguous indica was simply called “Bubba.” Bubba Kush has flourished from its California roots ever since. 
  ","['Relaxed 64%', 'Sleepy 54%', 'Happy 52%', 'Euphoric 47%', 'Hungry 37%']","['Stress 40%', 'Pain 37%', 'Insomnia 32%', 'Anxiety 30%', 'Depression 22%']","['Dry mouth 39%', 'Dry eyes 22%', 'Dizzy 10%', 'Paranoid 7%', 'Headache 4%']",Indica,4.2 ,3180 reviews
20,durban-poison,14–19% THC,< 1% CBD,"['Terpinolene', 'Myrcene', 'Ocimene']",No relevant amounts,"This pure sativa originates from the South African port city of Durban. It has gained popularity worldwide for its sweet smell and energetic, uplifting effects. Durban Poison is the perfect strain to help you stay productive through a busy day, when exploring the outdoors, or to lend a spark of creativity. Growers and concentrate enthusiasts will both enjoy the over-sized resin glands which make this strain a quality choice for concentrate extraction. The buds are round and chunky, and leave a thick coating of trichomes on almost all areas of the plant.","['Energetic 59%', 'Uplifted 58%', 'Happy 52%', 'Euphoric 46%', 'Creative 43%']","['Stress 32%', 'Depression 27%', 'Anxiety 23%', 'Pain 18%', 'Fatigue 16%']","['Dry mouth 22%', 'Dry eyes 13%', 'Anxious 6%', 'Paranoid 6%', 'Dizzy 5%']",Sativa,4.4 ,3068 reviews
21,forbidden-fruit,14–17% THC,< 1% CBD,"['Myrcene', 'Caryophyllene', 'Limonene']",No relevant amounts,"Forbidden Fruit is the mouthwatering cross of Cherry Pie x Tangie. This sumptuous genetic cross expresses a beautiful dense bud structure with deep purple hues, dark green foliage, and wiry orange hairs. The terpene profile is a perfect mixture of Cherry Pie’s musky, sweet cherry undertones and Tangie’s loud tropical flavors. There are also notes of pine, mango, and passionfruit candy. The effects hit hard between the eyes and lay into the body with each hit. Forbidden Fruit’s deep physical relaxation and mental stoniness make it perfect for dulling minor physical discomfort and discarding stress. ","['Relaxed 76%', 'Happy 53%', 'Euphoric 47%', 'Sleepy 35%', 'Uplifted 32%']","['Stress 31%', 'Anxiety 27%', 'Pain 25%', 'Depression 22%', 'Insomnia 21%']","['Dry mouth 18%', 'Dry eyes 10%', 'Dizzy 1%', 'Headache 1%', 'Paranoid 1%']",Indica,4.7 ,552 reviews
22,chemdawg,16–22% THC,< 1% CBD,"['Caryophyllene', 'Myrcene', 'Limonene']",No relevant amounts,"Chemdog has developed quite the name for itself over the years. Between its mysterious origin, ambiguous genetics, and the plethora of successful crosses the strain has produced, Chemdog has practically secured itself a permanent place in the cannabis hall of fame. The original source of powerhouse strains like Sour Diesel and OG Kush, Chemdog is known for its distinct, diesel-like aroma. Pungent and sharp, you’ll be able to smell this strain from a mile away.  
 Cannabis newbies be warned: Chemdog tends to be very potent. Consumers can expect to have a cerebral experience, coupled with a strong heavy-bodied feeling. ","['Happy 54%', 'Euphoric 54%', 'Relaxed 51%', 'Uplifted 46%', 'Creative 33%']","['Stress 39%', 'Pain 31%', 'Anxiety 30%', 'Depression 26%', 'Insomnia 15%']","['Dry mouth 32%', 'Dry eyes 19%', 'Dizzy 8%', 'Paranoid 5%', 'Anxious 4%']",Hybrid,4.2 ,2141 reviews
23,ak-47,14–18% THC,< 1% CBD,"['Myrcene', 'Caryophyllene', 'Pinene']",No relevant amounts,"Don't let its intense name fool you: AK-47 will leave you relaxed and mellow. This sativa-dominant strain mixes Colombian, Mexican, Thai, and Afghani varieties, bringing together a complex blend of flavors and effects. AK-47 may deliver a steady and long-lasting cerebral buzz that will keep you mentally alert and engaged in creative or social activities. While its scent is sour and earthy, its sweet, floral notes can only be fully realized in the taste.  
  ","['Happy 59%', 'Euphoric 47%', 'Uplifted 46%', 'Relaxed 45%', 'Creative 36%']","['Stress 40%', 'Anxiety 29%', 'Pain 27%', 'Depression 25%', 'Insomnia 17%']","['Dry mouth 41%', 'Dry eyes 24%', 'Dizzy 10%', 'Paranoid 9%', 'Headache 6%']",Hybrid,4 ,2758 reviews
24,trainwreck,14–19% THC,< 1% CBD,"['Terpinolene', 'Myrcene', 'Caryophyllene']",No relevant amounts,"Trainwreck is a mind-bending, potent sativa with effects that hit like a freight train. Mexican and Thai sativas were bred with Afghani indicas to produce this Northern California staple, passing on a sweet lemon and spicy pine aroma. Trainwreck begins its speedy hurtle through the mind with a surge of euphoria, awakening creativity and happiness. Migraines, pain, and arthritis are mowed down by Trainwreck’s high-THC content, and many patients also use it for relief of anxiety, ADD/ADHD, and PTSD. Trainwreck flowers tend to finish early when growing outdoors, while indoor gardens are ready for harvest after 8 weeks.","['Euphoric 58%', 'Happy 52%', 'Uplifted 47%', 'Relaxed 40%', 'Creative 35%']","['Stress 38%', 'Anxiety 29%', 'Pain 27%', 'Depression 25%', 'Insomnia 14%']","['Dry mouth 32%', 'Dry eyes 21%', 'Dizzy 11%', 'Paranoid 10%', 'Anxious 5%']",Hybrid,4.2 ,2854 reviews
25,super-lemon-haze,15–20% THC,< 1% CBD,"['Terpinolene', 'Caryophyllene', 'Ocimene']",,"A sativa-dominant hybrid of Lemon Skunk and Super Silver Haze and two time Cannabis Cup winner from Green House Seeds. Super Lemon Haze is a kief-caked multi-colored wonder. As the name states this strain has real lemony characteristics. The smell is zesty, citrusy, and a little sweet. As for the taste, it's everything one would expect from the namesake; tart and sweet like lemonheads candy - not quite as sharp as one might expect. The effects are uniquely energetic and lively, may not be the best strain for those of us that are naturally wound-up tight.","['Happy 57%', 'Uplifted 55%', 'Energetic 55%', 'Euphoric 51%', 'Creative 42%']","['Stress 35%', 'Depression 27%', 'Anxiety 25%', 'Pain 18%', 'Fatigue 16%']","['Dry mouth 29%', 'Dry eyes 17%', 'Paranoid 8%', 'Dizzy 6%', 'Anxious 6%']",Sativa,4.4 ,2014 reviews
26,amnesia-haze,16–20% THC,< 1% CBD,"['Myrcene', 'Caryophyllene', 'Limonene']",,"With earthy flavors of lemons and citrus, Amnesia Haze is a perfect strain to start your day with a smile. The uplifting, energetic buzz is one you won’t soon forget. Its genetics have been traced back to the South Asian and Jamaican landrace strains, and this Cannabis Cup winner (1st place 2004, 1st place Sativa Cup 2012) has since been popularized in the coffee shops of Amsterdam.","['Happy 70%', 'Euphoric 64%', 'Uplifted 59%', 'Energetic 45%', 'Creative 45%']","['Stress 38%', 'Depression 31%', 'Anxiety 25%', 'Pain 23%', 'Fatigue 14%']","['Dry mouth 42%', 'Dry eyes 22%', 'Paranoid 15%', 'Dizzy 13%', 'Anxious 6%']",Sativa,4.2 ,1385 reviews
27,lemon-haze,16–19% THC,< 1% CBD,"['Terpinolene', 'Caryophyllene', 'Ocimene']",No relevant amounts,"Lemon Haze has been characterized as smelling of fresh peeled lemon slices with a similar taste. Its buds appear to be green and yellow with amber hairs on the trichomes, giving it the yellow tint. ","['Happy 67%', 'Uplifted 54%', 'Euphoric 53%', 'Energetic 46%', 'Relaxed 43%']","['Stress 34%', 'Depression 27%', 'Anxiety 24%', 'Pain 19%', 'Fatigue 11%']","['Dry mouth 38%', 'Dry eyes 19%', 'Dizzy 10%', 'Paranoid 10%', 'Anxious 6%']",Sativa,4.2 ,2264 reviews
28,stardawg,18–22% THC,< 1% CBD,"['Caryophyllene', 'Myrcene', 'Limonene']",No relevant amounts,"Stardawg, possibly named after the bright, sparkling crystal trichomes that blanket the strain like stars, is a hybrid cross between Chemdog 4 and Tres Dawg. Earthy pine with sour notes of diesel color Stardawg, whose uplifting effects may help patients treating stress, fatigue, and anxiety disorders. Stardawg flowers in 67 days indoors with moderate yields. ","['Happy 64%', 'Relaxed 56%', 'Euphoric 50%', 'Uplifted 49%', 'Focused 34%']","['Stress 30%', 'Depression 28%', 'Anxiety 24%', 'Pain 18%', 'Lack of appetite 15%']","['Dry mouth 32%', 'Dry eyes 14%', 'Dizzy 10%', 'Anxious 4%', 'Paranoid 2%']",Hybrid,4.4 ,537 reviews
29,cherry-pie,14–18% THC,< 1% CBD,"['Myrcene', 'Caryophyllene', 'Pinene']",No relevant amounts,"Cherry Pie's parents are Granddaddy Purple and Durban Poison. With buds that are dense and full of orange hairs and a touch of purple, this strain smells of sweet and sour cherry pie. The effects have been known to come on in minutes and stick around for a couple hours. ","['Relaxed 60%', 'Happy 59%', 'Euphoric 51%', 'Uplifted 45%', 'Creative 30%']","['Stress 36%', 'Depression 28%', 'Anxiety 25%', 'Pain 23%', 'Insomnia 15%']","['Dry mouth 27%', 'Dry eyes 15%', 'Dizzy 6%', 'Anxious 4%', 'Paranoid 4%']",Hybrid,4.3 ,1803 reviews
30,bruce-banner,19–25% THC,< 1% CBD,"['Caryophyllene', 'Limonene', 'Myrcene']",No relevant amounts,"Bruce Banner might be best known as the alter-ego of comic book hero The Incredible Hulk, but maybe he wouldn’t be such a stressed out ball of anger if he just had some of his namesake strain. This green monster also has hidden strength and features dense nugs that pack the power of very high THC content. It’s a powerful strain whose effects come on quickly and strong and then tend to settle into a euphoric and creative buzz. The effects of this strain are most evident and linger mostly in the head, but it may also provide body relaxation that make it an appropriate daytime bud for some. Dark Horse Genetics bred this strain from OG Kush and Strawberry Diesel, and its heritage can be found in its diesel aroma with sweet undertones. Plants flower at 8 to 10 weeks. This strain does have three main phenotypes, one of which is Bruce Banner #3.","['Happy 58%', 'Euphoric 58%', 'Relaxed 52%', 'Uplifted 49%', 'Creative 41%']","['Stress 31%', 'Depression 26%', 'Pain 24%', 'Anxiety 22%', 'Fatigue 12%']","['Dry mouth 23%', 'Dry eyes 13%', 'Dizzy 6%', 'Anxious 4%', 'Paranoid 4%']",Hybrid,4.5 ,1112 reviews
31,strawberry-cough,15–19% THC,< 1% CBD,"['Myrcene', 'Pinene', 'Caryophyllene']",No relevant amounts,"Known for its sweet smell of fresh strawberries and an expanding sensation that can make even the most seasoned consumer cough, Strawberry Cough is a potent strain with mysterious genetic origins. The skunky, berry flavors will capture your senses while the cerebral, uplifting effects provide an aura of euphoria that is sure to leave a smile on your face. Strawberry Cough is a great solution in times of elevated stress.","['Happy 57%', 'Uplifted 53%', 'Euphoric 49%', 'Energetic 40%', 'Relaxed 39%']","['Stress 37%', 'Anxiety 31%', 'Depression 27%', 'Pain 20%', 'Fatigue 12%']","['Dry mouth 26%', 'Dry eyes 14%', 'Dizzy 6%', 'Paranoid 5%', 'Headache 3%']",Sativa,4.3 ,2346 reviews
32,blue-cookies,14–21% THC,< 1% CBD,"['Caryophyllene', 'Limonene', 'Humulene']",No relevant amounts,"Blue Cookies is an indica-dominant hybrid cross between two celebrity strains, Girl Scout Cookies and Blueberry. As the child of these heavyweight champion strains, Blue Cookies delivers a crushing blow of euphoria straight to the head, where it swiftly sinks down to relax the entire body. Sweet berry flavors fuse with earthy cherry notes in a flavor profile as enticing as the bud’s thick coat of frosty resin that stretches over twisting hues of green and purple. Novice consumers should approach Blue Cookies with modesty, but this strain’s potency is perfect for hard-to-impress veterans. You may also come across another variation of Blue Cookies, a select Girl Scout Cookies phenotype that lacks the Blueberry genetics.","['Relaxed 79%', 'Happy 65%', 'Euphoric 61%', 'Uplifted 45%', 'Hungry 30%']","['Stress 41%', 'Depression 33%', 'Anxiety 31%', 'Pain 29%', 'Insomnia 23%']","['Dry mouth 27%', 'Dry eyes 14%', 'Dizzy 4%', 'Paranoid 2%', 'Headache 2%']",Hybrid,4.7 ,514 reviews
33,mendo-breath,15–21% THC,< 1% CBD,"['Caryophyllene', 'Limonene', 'Myrcene']",No relevant amounts,"Mendo Breath is an interesting mix of OGKB (OGKushBreath, which is the supposed patriarch in the Cookies Fam genetics) and Mendo Montage. Their forces combined make dense frosty buds that reek of sweet vanilla and caramel. But no matter how good this smells, save it for after work. This thumper can pivot your entire day’s plans with its powerful body high built for chronic pain and discomfort. ","['Relaxed 81%', 'Sleepy 50%', 'Happy 50%', 'Euphoric 46%', 'Uplifted 28%']","['Stress 43%', 'Pain 42%', 'Anxiety 36%', 'Insomnia 30%', 'Depression 25%']","['Dry mouth 27%', 'Dry eyes 12%', 'Dizzy 6%', 'Anxious 4%', 'Paranoid 3%']",Indica,4.7 ,342 reviews
34,9-pound-hammer,16–20% THC,< 1% CBD,"['Myrcene', 'Pinene', 'Caryophyllene']",No relevant amounts,"9 Pound Hammer is an indica created by JinxProof Genetics that crosses Gooberry, Hells OG, and Jack the Ripper. These dense buds are coated in resin, offering sweet grape and lime flavors. 9 Pound Hammer hosts a terpene profile abundant in myrcene, pinene, and caryophyllene with THC levels ranging between 17-21%. Effects can be heavy and long-lasting, making this strain useful for pain and stress relief. Best grown indoors, 9 Pound Hammer flowers between 50-60 days and will deliver high yields.","['Relaxed 72%', 'Sleepy 51%', 'Happy 36%', 'Euphoric 34%', 'Hungry 21%']","['Pain 32%', 'Stress 31%', 'Insomnia 28%', 'Anxiety 24%', 'Depression 22%']","['Dry mouth 20%', 'Dry eyes 9%', 'Dizzy 4%', 'Headache 2%', 'Anxious 1%']",Indica,4.5 ,825 reviews
35,blueberry,14–19% THC,< 1% CBD,"['Myrcene', 'Caryophyllene', 'Pinene']",No relevant amounts,"A true A-List cannabis strain, Blueberry’s legendary status soared to new heights after claiming the High Times’ Cannabis Cup 2000 for Best Indica. The long history of the strain goes back to the late 1970s when American breeder DJ Short was working with a variety of exotic landrace strains. However, throughout the decades of Blueberry’s cultivation, the genetics have been passed around, due in large part to DJ Short working with multiple seed banks and breeders. The sweet flavors of fresh blueberries combine with relaxing effects to produce a long-lasting sense of euphoria. Many consumers utilize Blueberry to help contend with pain and stress, while connoisseurs and growers admire the strain for its colorful hues and high THC content. 
  ","['Relaxed 63%', 'Happy 55%', 'Euphoric 47%', 'Sleepy 40%', 'Uplifted 32%']","['Stress 40%', 'Pain 32%', 'Anxiety 29%', 'Insomnia 25%', 'Depression 24%']","['Dry mouth 30%', 'Dry eyes 18%', 'Dizzy 7%', 'Paranoid 5%', 'Headache 3%']",Indica,4.2 ,2129 reviews
36,super-silver-haze,15–20% THC,< 1% CBD,"['Myrcene', 'Caryophyllene', 'Limonene']",No relevant amounts,"Super Silver Haze, bred by Green House Seeds, was the first prize winner at the High Times Cannabis Cup in 1997, 1998, and 1999. Crossing genetics of Skunk, Northern Lights, and Haze creates a beautiful, sticky sativa that boasts an energetic, long-lasting body high. The uplifting effects are a great for high stress levels or when suffering from a lack of appetite or nausea.","['Happy 61%', 'Uplifted 60%', 'Euphoric 56%', 'Energetic 52%', 'Creative 45%']","['Stress 39%', 'Anxiety 30%', 'Depression 29%', 'Pain 23%', 'Fatigue 15%']","['Dry mouth 30%', 'Dry eyes 18%', 'Dizzy 9%', 'Paranoid 8%', 'Anxious 5%']",Sativa,4.3 ,2044 reviews
37,mac,19–24% THC,< 1% CBD,"['Limonene', 'Pinene', 'Caryophyllene']",,"Bred by Capulator, Miracle Alien Cookies (better known as MAC) crosses Alien Cookies with a hybrid of Columbian and Starfighter. MAC is a gorgeous resin-covered flower with a dank, gassy musk and sour citrus highlights. The smooth flavors of MAC have thick zesty orange notes that are balanced out by floral accents and a sweet, earthy finish. 
  ","['Happy 73%', 'Relaxed 70%', 'Euphoric 59%', 'Uplifted 54%', 'Creative 33%']","['Depression 26%', 'Pain 26%', 'Stress 25%', 'Anxiety 22%', 'Lack of appetite 15%']","['Dry mouth 22%', 'Dry eyes 12%', 'Dizzy 5%', 'Paranoid 1%', 'Anxious 0%']",Hybrid,4.8 ,151 reviews
38,ice-cream-cake,19–24% THC,< 1% CBD,"['Limonene', 'Caryophyllene', 'Linalool']",,"Bred by Seed Junky Genetics, Ice Cream Cake is an indica-dominant cross of Wedding Cake and Gelato #33. Completely flushed with icy trichomes, the buds express light green coloration with dark purple hues throughout. Ice Cream Cake maintains a creamy flavor profile with sweet hints of vanilla and sugary dough. Effects come on heavily, leaving you completely relaxed with a good night’s sleep soon to follow.","['Relaxed 82%', 'Happy 48%', 'Euphoric 48%', 'Sleepy 39%', 'Tingly 32%']","['Stress 30%', 'Pain 28%', 'Depression 25%', 'Anxiety 22%', 'Insomnia 17%']","['Dry mouth 15%', 'Dry eyes 11%', 'Dizzy 3%', 'Paranoid 3%', 'Anxious 1%']",Indica,4.7 ,211 reviews
39,sfv-og,17–21% THC,< 1% CBD,"['Myrcene', 'Limonene', 'Caryophyllene']",No relevant amounts,"SFV OG by Cali Connection is a sativa-dominant hybrid that is great for patients who need strong pain relief but don’t want to be stuck on the couch. As the name indicates, this OG Kush relative originates from California’s San Fernando Valley. Although their names are barely distinguishable, SFV OG Kush is actually the Afghani-crossed child to SFV OG. Leading with aromatic notes of earthy pine and lemon, its body effects take a little longer to feel than the initial head haziness.","['Relaxed 56%', 'Happy 55%', 'Euphoric 48%', 'Uplifted 43%', 'Focused 30%']","['Pain 35%', 'Stress 34%', 'Depression 27%', 'Anxiety 26%', 'Headaches 15%']","['Dry mouth 25%', 'Dry eyes 14%', 'Dizzy 5%', 'Headache 3%', 'Anxious 3%']",Hybrid,4.4 ,715 reviews
40,alien-og,13–20% THC,< 1% CBD,"['Myrcene', 'Caryophyllene', 'Limonene']",No relevant amounts,"First available as a clone in California’s Bay Area and now in seed form from Cali Connection, Alien OG is a cross of Tahoe OG and Alien Kush. Alien OG has the typical lemon and pine OG smell and flavor, and its intense high combines heavy body effects and a psychedelic cerebral buzz. Beginners and novices, be sure to take it slow with this heavy-hitter. 
  ","['Relaxed 64%', 'Euphoric 55%', 'Happy 55%', 'Uplifted 45%', 'Creative 30%']","['Stress 35%', 'Pain 28%', 'Anxiety 27%', 'Depression 25%', 'Insomnia 18%']","['Dry mouth 24%', 'Dry eyes 14%', 'Paranoid 6%', 'Dizzy 6%', 'Headache 4%']",Hybrid,4.4 ,975 reviews
41,animal-cookies,17–21% THC,< 1% CBD,"['Caryophyllene', 'Limonene', 'Myrcene']",No relevant amounts,"Animal Cookies is the child of legendary strains GSC and Fire OG. This clone-only strain flowers in 9-10 weeks and grows dense, frosty green buds tipped with purple. True to its name, Animal Cookies has a sweet, sour aroma with heavy full-body effects that will impress any veteran consumer. This potent medicine might be overkill for mild symptoms, but its ability to obliterate severe pain and insomnia is unprecedented. 
  ","['Relaxed 71%', 'Happy 57%', 'Euphoric 50%', 'Uplifted 41%', 'Sleepy 30%']","['Stress 34%', 'Pain 31%', 'Anxiety 26%', 'Depression 25%', 'Insomnia 21%']","['Dry mouth 25%', 'Dry eyes 13%', 'Anxious 5%', 'Paranoid 4%', 'Headache 4%']",Hybrid,4.5 ,936 reviews
42,alaskan-thunder-fuck,14–19% THC,< 1% CBD,"['Myrcene', 'Caryophyllene', 'Pinene']",No relevant amounts,"Alaskan Thunder Fuck (also referred to as ATF, Matanuska Thunder Fuck or Matanuska Tundra) is a legendary sativa-dominant strain originating in the Matanuska Valley area of Alaska.  According to the legend, it was originally a Northern California sativa crossed with a Russian ruderalis, but sometime in the late 70s it was crossed with Afghani genetics to make it heartier.  ATF usually presents large, beautifully frosted buds with incredibly strong odors of pine, lemon, menthol, and skunk.  Known for possessing a relaxing yet intensely euphoric high, it is also described as having a “creeper” effect as well as pronounced appetite enhancement.","['Happy 58%', 'Euphoric 55%', 'Uplifted 51%', 'Energetic 44%', 'Creative 37%']","['Stress 39%', 'Anxiety 29%', 'Depression 28%', 'Pain 26%', 'Fatigue 14%']","['Dry mouth 35%', 'Dry eyes 19%', 'Dizzy 8%', 'Paranoid 7%', 'Headache 4%']",Sativa,4.3 ,1969 reviews
43,tangie,14–19% THC,< 1% CBD,"['Myrcene', 'Pinene', 'Caryophyllene']",No relevant amounts,"Tangie is another fantastic offering from DNA Genetics in Amsterdam that has quickly gained popularity in its home and is spreading elsewhere. This strain is a remake of sorts of the popular version of Tangerine Dream that was sought-after in the 1990s. The genetics on this strain are a cross of California Orange and a Skunk hybrid, and its citrus heritage is the most evident in its refreshing tangerine aroma. As a plant, Tangie grows best outside, producing sticky buds that provide euphoric yet relaxed effects.","['Happy 52%', 'Uplifted 49%', 'Energetic 42%', 'Euphoric 39%', 'Creative 36%']","['Stress 26%', 'Depression 25%', 'Anxiety 20%', 'Fatigue 14%', 'Pain 13%']","['Dry mouth 17%', 'Dry eyes 8%', 'Anxious 5%', 'Dizzy 3%', 'Paranoid 2%']",Sativa,4.5 ,1108 reviews
44,ghost-train-haze,14–19% THC,< 1% CBD,"['Terpinolene', 'Myrcene', 'Limonene']",,"First bred by Rare Dankness, Ghost Train Haze is a sativa cross of Ghost OG and Neville’s Wreck. Unlike typical sativas, Ghost Train Haze grows dense buds blanketed in white, crystal-capped trichomes. With a sour citrus and floral aroma, Ghost Train Haze delivers a potent dose of THC to knock out pain, depression, and appetite loss, but patients prone to anxiety should steer clear of this heavy-hitter. Low doses are conducive to concentration and creativity, but you may notice some cerebral haziness as you smoke more. Ghost Train Haze is a suitable outdoor strain for warm climates and has a 65 to 80 day flowering time indoors.","['Happy 58%', 'Uplifted 53%', 'Euphoric 50%', 'Energetic 50%', 'Focused 39%']","['Stress 29%', 'Depression 28%', 'Pain 20%', 'Anxiety 17%', 'Fatigue 15%']","['Dry mouth 21%', 'Dry eyes 12%', 'Anxious 10%', 'Dizzy 7%', 'Paranoid 6%']",Sativa,4.5 ,966 reviews
45,grape-ape,14–19% THC,< 1% CBD,"['Myrcene', 'Pinene', 'Caryophyllene']",No relevant amounts,"Grape Ape, propagated by Apothecary Genetics and Barney’s Farm, is a mostly indica strain that crosses Mendocino Purps, Skunk, and Afghani. Named for its distinct grape-like smell, this indica is known for providing carefree relaxation that can help soothe pain, stress, and anxiety. Its dense, compact buds are wreathed in deep purple leaves which darken as this indica reaches full maturation following its 7 to 8 week flowering time.","['Relaxed 62%', 'Happy 49%', 'Sleepy 45%', 'Euphoric 44%', 'Hungry 28%']","['Pain 41%', 'Stress 38%', 'Anxiety 32%', 'Insomnia 32%', 'Depression 21%']","['Dry mouth 29%', 'Dry eyes 17%', 'Dizzy 6%', 'Paranoid 4%', 'Headache 3%']",Indica,4.3 ,1939 reviews
46,blue-cheese,14–18% THC,< 1% CBD,"['Limonene', 'Caryophyllene', 'Myrcene']",No relevant amounts,"Blue Cheese is an indica cross created by crossing a Blueberry male with an original U.K. Cheese (a Skunk #1 phenotype) female. The sweet and savory smells of berry and blue cheese combine to create a creamy, unique flavor reminiscent of the original Cheese. The heavy effects will help you feel relaxed at the end of the day and can provide relief for muscle spasms, pain, and stress.","['Relaxed 62%', 'Happy 55%', 'Euphoric 52%', 'Sleepy 38%', 'Uplifted 35%']","['Stress 41%', 'Pain 31%', 'Anxiety 30%', 'Insomnia 25%', 'Depression 24%']","['Dry mouth 37%', 'Dry eyes 21%', 'Dizzy 8%', 'Paranoid 5%', 'Headache 5%']",Indica,4.2 ,2558 reviews
47,birthday-cake-kush,16–19% THC,< 1% CBD,"['Caryophyllene', 'Limonene', 'Myrcene']",No relevant amounts,"Birthday Cake Kush, also known as Wedding Cake or just Birthday Cake, is an indica-dominant hybrid with strong body effects and sweet cake-like flavor. As decadent as its Girl Scout Cookies and Cherry Pie parent strains, Birthday Cake Kush buds bloom with a crystalline icing of THC-rich resin. Like any dessert, Birthday Cake Kush is the perfect way to end your day, with deeply relaxing effects that soothe the body without sedating the mind. This strain is preferred by patients treating pain, anxiety, appetite loss, inflammation, and headaches.","['Relaxed 65%', 'Happy 53%', 'Euphoric 44%', 'Uplifted 30%', 'Sleepy 24%']","['Stress 33%', 'Anxiety 27%', 'Depression 23%', 'Pain 23%', 'Insomnia 17%']","['Dry mouth 21%', 'Dry eyes 11%', 'Anxious 5%', 'Dizzy 5%', 'Paranoid 5%']",Hybrid,4.5 ,346 reviews
48,tahoe-og,15–20% THC,< 1% CBD,"['Limonene', 'Caryophyllene', 'Myrcene']",No relevant amounts,"Tahoe OG is the perfect rainy day strain. Strong and fast-acting, you may not want to use this strain when you’re planning to leave the house. Great for those suffering from insomnia, pain, or lack of appetite, Tahoe OG has made a name for itself among other indicas. A top nighttime strain, it provides an extremely lazy, heavy body sensation. Due to superb breeding, Tahoe OG embodies all of the typical indica effects with an added euphoric, sativa-like kick. This strain features an earthy, lemon taste, and is a phenotype of OG Kush. Maturing at around 10 weeks, Tahoe OG is a must-try for those looking for a great night’s sleep.","['Relaxed 71%', 'Sleepy 50%', 'Happy 49%', 'Euphoric 47%', 'Hungry 32%']","['Stress 37%', 'Pain 36%', 'Insomnia 34%', 'Anxiety 28%', 'Depression 25%']","['Dry mouth 30%', 'Dry eyes 16%', 'Dizzy 7%', 'Paranoid 3%', 'Headache 3%']",Hybrid,4.4 ,1255 reviews
49,king-louis,18–21% THC,< 1% CBD,"['Limonene', 'Myrcene', 'Caryophyllene']",No relevant amounts,"King Louis XIII might be most famous for making wigs on men de rigeur for the French aristocracy, but in Southern California the name will bring to mind a popular indica-dominant strain. This strain announces itself as many people did in the 1600s: by its smell. The difference is this monarch’s odor is one that’s meant to be enjoyed; its dense nugs have an overwhelmingly piney smell with an earthy musk that will have you thinking of your last forest adventure. Bred in part from OG Kush, Louis XIII has a very similar spicy kush aroma. ","['Relaxed 65%', 'Sleepy 52%', 'Happy 36%', 'Euphoric 34%', 'Hungry 30%']","['Insomnia 36%', 'Stress 36%', 'Pain 33%', 'Anxiety 26%', 'Depression 22%']","['Dry mouth 23%', 'Dry eyes 13%', 'Dizzy 5%', 'Paranoid 3%', 'Headache 3%']",Indica,4.6 ,805 reviews
50,candyland,16–21% THC,< 1% CBD,"['Caryophyllene', 'Limonene', 'Humulene']",No relevant amounts,"Candyland, a gold medalist of the 2012 KushCon, is a sativa-dominant hybrid bred from Granddaddy Purple and Bay Platinum Cookies. Golden hairs weave through Candyland’s thick coat of sugar-like trichomes and highlight the compact, camouflage-colored buds. This strain grows well indoors and out, and patients turn to Candyland when trying to moderate pain, muscle tension, and sour moods. Candyland offers uplifting and stimulating effects, making it a perfect strain for social gatherings or creative pastimes.","['Happy 64%', 'Uplifted 55%', 'Euphoric 52%', 'Relaxed 48%', 'Energetic 44%']","['Stress 31%', 'Depression 29%', 'Anxiety 21%', 'Pain 19%', 'Fatigue 17%']","['Dry mouth 21%', 'Dry eyes 13%', 'Anxious 5%', 'Dizzy 4%', 'Paranoid 3%']",Sativa,4.5 ,1006 reviews
51,master-kush,15–19% THC,< 1% CBD,"['Caryophyllene', 'Limonene', 'Myrcene']",No relevant amounts,"Master Kush is a popular indica cross from two landrace strains from different parts of the Hindu Kush region by the Dutch White Label Seed Company in Amsterdam. The plant produces a subtle earthy, citrus smell with a hint of incense, which is often described as a vintage flavor. The taste of Master Kush is reminiscent of the famous hard-rubbed charas hash. This strain holds a superb balance of full-body relaxation without mind-numbing effects. Instead, Master Kush offers a sharpened sensory awareness that can bring out the best of any activity.","['Relaxed 65%', 'Happy 51%', 'Euphoric 51%', 'Sleepy 40%', 'Uplifted 36%']","['Stress 42%', 'Pain 33%', 'Anxiety 33%', 'Insomnia 27%', 'Depression 24%']","['Dry mouth 36%', 'Dry eyes 22%', 'Dizzy 7%', 'Paranoid 7%', 'Headache 3%']",Indica,4.2 ,1709 reviews
52,strawberry-banana,18–23% THC,< 1% CBD,"['Limonene', 'Myrcene', 'Caryophyllene']",No relevant amounts,"Strawberry Banana, sometimes known as Strawnana for short, is an indica developed by DNA Genetics in collaboration with Serious Seeds. A genetic cross of Crockett’s Banana Kush and the “Strawberry” phenotype of Bubble Gum, Strawberry Banana inherited a sweet, fruity flavor, hence the name. Known for its heavy resin production and high-THC content, Strawberry Banana produces happy, peaceful effects that sharpen creativity and sensory awareness.","['Relaxed 61%', 'Happy 54%', 'Euphoric 46%', 'Uplifted 36%', 'Creative 24%']","['Stress 27%', 'Anxiety 21%', 'Depression 20%', 'Pain 18%', 'Insomnia 15%']","['Dry mouth 19%', 'Dry eyes 15%', 'Anxious 4%', 'Dizzy 3%', 'Paranoid 3%']",Hybrid,4.5 ,462 reviews
53,banana-kush,17–20% THC,< 1% CBD,"['Limonene', 'Myrcene', 'Caryophyllene']",No relevant amounts,"This legendary West Coast strain crosses Ghost OG and Skunk Haze to create an indica-dominant hybrid that tastes and smells like a bushel of fresh bananas. Banana Kush tends to provide a mellow buzz alongside a relaxed sense of euphoria. A great choice when dealing with stress or depression, Banana Kush also helps stimulate your creative juices and can help you remain talkative in social settings.","['Relaxed 50%', 'Happy 48%', 'Euphoric 44%', 'Uplifted 38%', 'Creative 26%']","['Stress 35%', 'Anxiety 27%', 'Pain 25%', 'Depression 22%', 'Insomnia 17%']","['Dry mouth 30%', 'Dry eyes 19%', 'Dizzy 7%', 'Paranoid 5%', 'Headache 4%']",Hybrid,4.2 ,1046 reviews
54,sundae-driver,19–23% THC,< 1% CBD,[],No relevant amounts,"Bred by Cannarado and sent out to the Jungle Boyz, Sundae Driver is a smooth and creamy cross of FPOG and Grape Pie. profile. Buds are light green in color with purple accents and come drenched in trichomes. This strain offers a mellow and calming high, just like its flavor. For a tasty joint in the sun, give Sundae Driver a try.","['Happy 56%', 'Relaxed 54%', 'Uplifted 41%', 'Euphoric 35%', 'Creative 23%']","['Pain 23%', 'Stress 21%', 'Depression 19%', 'Anxiety 13%', 'Arthritis 10%']","['Dry mouth 18%', 'Dry eyes 4%', 'Paranoid 4%', 'Anxious 2%', 'Dizzy 2%']",Hybrid,4.7 ,121 reviews
55,gmo-cookies,17–24% THC,< 1% CBD,"['Caryophyllene', 'Limonene', 'Myrcene']",No relevant amounts,"Bred by Divine Genetics, GMO Cookies, also known as Garlic Cookies, is a powerful indica-dominant cross between two famous strains: Chemdog and GSC. Its Chemdawg ancestry provides a petrol smell layered with coffee and fruit, while its GSC parentage provides a sweet and earthy flavor. GMO Cookies is celebrated for its ability to relieve pain without putting you to bed in the process.","['Relaxed 79%', 'Happy 54%', 'Euphoric 52%', 'Uplifted 40%', 'Sleepy 27%']","['Pain 32%', 'Stress 32%', 'Anxiety 27%', 'Depression 23%', 'Insomnia 20%']","['Dry mouth 18%', 'Dizzy 7%', 'Dry eyes 5%', 'Anxious 3%', 'Paranoid 3%']",Indica,4.7 ,202 reviews
56,fire-og,16–21% THC,< 1% CBD,"['Myrcene', 'Limonene', 'Caryophyllene']",No relevant amounts,"Bred by crossing OG Kush and SFV OG Kush, Fire OG has a strong scent similar to Lemon Pledge. Its euphoric effects are potent and long-lasting, making this strain a favorite among consumers with high tolerances. The plant has frost covered nuggets with red hairs, giving the appearance that it is on fire—which is, in part, where the name Fire OG came from. Fire OG plants typically flower in 9-10 weeks.","['Relaxed 55%', 'Happy 54%', 'Euphoric 51%', 'Uplifted 39%', 'Hungry 29%']","['Stress 36%', 'Anxiety 27%', 'Depression 26%', 'Pain 25%', 'Insomnia 23%']","['Dry mouth 33%', 'Dry eyes 21%', 'Dizzy 9%', 'Paranoid 6%', 'Anxious 4%']",Hybrid,4.4 ,1051 reviews
57,purple-kush,13–18% THC,< 1% CBD,"['Myrcene', 'Pinene', 'Caryophyllene']",No relevant amounts,"Purple Kush is a pure indica strain that emerged from the Oakland area of California as the result of crossing Hindu Kush and Purple Afghani. Its aroma is subtle and earthy with sweet overtones typical of Kush varieties. Blissful, long-lasting euphoria blankets the mind while physical relaxation rids the body of pain, sleeplessness, and stress. Purple Kush will grow wide rather than tall, and will be ready for harvest following an 8-week flowering time.","['Relaxed 62%', 'Sleepy 56%', 'Happy 55%', 'Euphoric 48%', 'Hungry 39%']","['Stress 45%', 'Pain 38%', 'Insomnia 37%', 'Anxiety 36%', 'Depression 24%']","['Dry mouth 43%', 'Dry eyes 27%', 'Paranoid 10%', 'Dizzy 10%', 'Headache 5%']",Indica,4.2 ,2113 reviews
58,cookies-and-cream,18–23% THC,< 1% CBD,"['Caryophyllene', 'Limonene', 'Myrcene']",,"Bred by Exotic Genetix, Cookies and Cream is a hybrid cross between Starfighter and an undisclosed GSC phenotype. This sweet-tasting variety provides long-lasting relief for patients treating symptoms throughout the day, but high doses can induce an early night’s sleep. Cookies and Cream took first place in the hybrid category of the 2014 Denver Cannabis Cup.","['Relaxed 71%', 'Happy 66%', 'Euphoric 55%', 'Uplifted 51%', 'Creative 29%']","['Stress 34%', 'Depression 29%', 'Anxiety 27%', 'Pain 23%', 'Insomnia 19%']","['Dry mouth 23%', 'Dry eyes 14%', 'Dizzy 5%', 'Anxious 3%', 'Paranoid 1%']",Hybrid,4.5 ,507 reviews
59,headband,16–21% THC,< 1% CBD,"['Limonene', 'Caryophyllene', 'Myrcene']",No relevant amounts,"Meet Headband, the love-child of cannabis’ power couple, OG Kush and Sour Diesel. The smooth, creamy smoke is accented by flavors of lemons and diesel while the long-lasting effects are great for pain relief, helping you to relax, and to combat elevated stress levels. Many report that the effects create a slight pressure around the crown of their head and feels as though they are wearing a headband. The effects have been known to come on slow, so pace yourself with this potent hybrid. ","['Happy 56%', 'Euphoric 55%', 'Uplifted 48%', 'Relaxed 47%', 'Creative 37%']","['Stress 40%', 'Anxiety 32%', 'Depression 27%', 'Pain 26%', 'Insomnia 15%']","['Dry mouth 34%', 'Dry eyes 20%', 'Dizzy 9%', 'Headache 9%', 'Paranoid 6%']",Hybrid,4.2 ,2497 reviews
60,g-13,17–19% THC,< 1% CBD,"['Myrcene', 'Limonene', 'Caryophyllene']",No relevant amounts,"G13 is a very strong strain of cannabis indica that is the subject of many urban legends. According to some accounts, the CIA, FBI, and other agencies gathered the best strains of marijuana from breeders all over the world. At a super-secret installation at the University of Mississippi, they bred many new super hybrids in the late 1960s. Allegedly, a single cutting of this plant was liberated by an unnamed technician and bred for the masses. 
 Although the legends are probably not true, G13 delivers effects like no other. If you have the opportunity, definitely partake in this strain.","['Euphoric 58%', 'Relaxed 58%', 'Happy 57%', 'Uplifted 39%', 'Sleepy 33%']","['Stress 42%', 'Pain 33%', 'Anxiety 31%', 'Depression 26%', 'Insomnia 24%']","['Dry mouth 35%', 'Dry eyes 19%', 'Dizzy 8%', 'Paranoid 6%', 'Headache 4%']",Indica,4.3 ,1071 reviews
61,la-confidential,15–18% THC,< 1% CBD,"['Caryophyllene', 'Limonene', 'Myrcene']",No relevant amounts,"LA Confidential is known as a very popular and successful strain. Its buds have a frosty, lime green appearance and little purple leaves. The taste is smooth and piney, with a classic skunky aroma that does not linger for too long. Overall, LA Confidential is a well-rounded strain that delivers a fast-approaching sensation that is both psychedelic and super calming on the mind and body. For newer patients seeking relief, LA Confidential can both lull you to sleep and treat acute pain. ","['Relaxed 60%', 'Happy 50%', 'Euphoric 48%', 'Sleepy 42%', 'Uplifted 34%']","['Stress 44%', 'Pain 38%', 'Anxiety 32%', 'Insomnia 29%', 'Depression 24%']","['Dry mouth 30%', 'Dry eyes 19%', 'Dizzy 7%', 'Paranoid 6%', 'Headache 3%']",Indica,4.3 ,1266 reviews
62,harlequin,3–6% THC,7–10% CBD,"['Myrcene', 'Pinene', 'Caryophyllene']",No relevant amounts,"Harlequin is a 75/25 sativa-dominant strain renowned for its reliable expression of CBD. A descendant of Colombian Gold, a Nepali indica, and Thai and Swiss landrace strains, you can depend on Harlequin to provide clear-headed, alert sativa effects. Harlequin's high levels of CBD make this strain one of the most effective out there for treatment of pain and anxiety, as CBD can counteract THC’s paranoia while amplifying its painkilling properties. Flavors can range from earthy musk to sweet mango, but without a doubt, what draws crowds to Harlequin is its ability to relax without sedation and to relieve without intoxication.","['Relaxed 56%', 'Happy 45%', 'Uplifted 43%', 'Focused 38%', 'Energetic 28%']","['Pain 46%', 'Stress 39%', 'Anxiety 38%', 'Depression 25%', 'Inflammation 20%']","['Dry mouth 17%', 'Dry eyes 10%', 'Anxious 4%', 'Dizzy 4%', 'Headache 3%']",Sativa,4.3 ,1245 reviews
63,platinum-gsc,15–20% THC,< 1% CBD,"['Caryophyllene', 'Limonene', 'Humulene']",No relevant amounts,"If you thought GSC couldn’t get any better, then behold its next evolution, Platinum GSC, formerly known as Platinum Girl Scout Cookies. This Cup-winning hybrid—a cross of OG Kush, Durban Poison, and a third unknown strain—fills your nose and lungs with sweet notes of berry and candy, followed by a fruity spiciness. Patients with severe pain, nausea, swelling, migraines, and stress should look no further for relief as symptoms both physical and mood-related melt away instantly. The Platinum GSC strain flaunts a heavy coat of crystal trichomes over its sage green leaves, assuring its potency to any consumer in doubt. 
  ","['Relaxed 71%', 'Happy 61%', 'Euphoric 55%', 'Uplifted 46%', 'Creative 32%']","['Stress 36%', 'Pain 32%', 'Depression 28%', 'Anxiety 26%', 'Headaches 18%']","['Dry mouth 25%', 'Dry eyes 12%', 'Anxious 4%', 'Dizzy 4%', 'Paranoid 3%']",Hybrid,4.6 ,1234 reviews
64,maui-wowie,15–19% THC,< 1% CBD,"['Myrcene', 'Pinene', 'Caryophyllene']",No relevant amounts,"Maui Wowie (not Maui Waui) is a classic sativa whose tropical flavors and stress-relieving qualities will float you straight to the shores of Hawaii where this strain originally comes from. Since its beginnings in the island’s volcanic soil, Maui Wowie has spread across the world to bless us with its sweet pineapple flavors and high-energy euphoria. Lightweight effects allow your mind to drift away to creative escapes, while Maui Wowie’s motivating, active effects may be all you need to get outside and enjoy the sun. This tall, lanky strain is best suited for cultivation in warm, tropical climates that mirror its homeland, but a bright environment and nutrient-rich soil are typically adequate for indoor growing.  ","['Happy 64%', 'Uplifted 56%', 'Euphoric 51%', 'Energetic 46%', 'Creative 40%']","['Stress 39%', 'Anxiety 30%', 'Depression 28%', 'Pain 22%', 'Fatigue 15%']","['Dry mouth 27%', 'Dry eyes 16%', 'Dizzy 5%', 'Paranoid 4%', 'Anxious 3%']",Sativa,4.3 ,1422 reviews
65,platinum-og,17–20% THC,< 1% CBD,"['Myrcene', 'Caryophyllene', 'Limonene']",No relevant amounts,"Platinum OG is just as precious as the metal it’s named after. This indica-dominant hybrid asserts itself as one of the “heaviest” strains around. Platinum OG is purported to stem from three strains: Master Kush, OG Kush, and a third unknown parent. Flowers are lime green and plump, with prominent orange hairs and a platinum coating thanks to the abundance of THC crystals. A brief, heady onset settles into a powerful physical sedation suitable for nighttime use and pain, stress, or anxiety relief, making this precious strain a robust healer.","['Relaxed 73%', 'Sleepy 52%', 'Euphoric 51%', 'Happy 46%', 'Hungry 31%']","['Stress 38%', 'Pain 32%', 'Insomnia 31%', 'Anxiety 30%', 'Depression 24%']","['Dry mouth 33%', 'Dry eyes 18%', 'Dizzy 8%', 'Paranoid 5%', 'Anxious 3%']",Indica,4.4 ,804 reviews
66,berry-white,14–18% THC,< 1% CBD,"['Limonene', 'Pinene', 'Caryophyllene']",No relevant amounts,"Berry White is a hybrid strain that is the offspring of parents of near-celebrity status in the cannabis world: Blueberry and White Widow. Berry is famous in its own right for its even, balanced effects that offer relaxation from stress and anxiety along with a sense of euphoria. This strain is perfect for inspiring an upbeat mood and may lead to conversation and creative pursuits. This plant’s flowers have a light sour berry and pine smell and a fresh taste similar to their scent. They generally have a strong blue coloring contrasted by orange hairs.","['Relaxed 64%', 'Happy 58%', 'Euphoric 52%', 'Uplifted 45%', 'Creative 33%']","['Stress 35%', 'Anxiety 30%', 'Pain 26%', 'Depression 25%', 'Insomnia 18%']","['Dry mouth 29%', 'Dry eyes 16%', 'Paranoid 4%', 'Dizzy 4%', 'Anxious 3%']",Indica,4.3 ,1066 reviews
67,purple-haze,14–18% THC,< 1% CBD,[],No relevant amounts,"Popularized by Jimi Hendrix’s 1967 classic, Purple Haze delivers a dreamy burst of euphoria that brings veteran consumers back to their psychedelic heyday. This nostalgic sativa staple remains cherished for its high energy cerebral stimulation that awakens creativity and blissful contentment throughout the day. Purple Haze is believed to have descended from parent strains Purple Thai and Haze, which pass on a mix of sweet and earthy flavors underscored by notes of berry and sharp spice. Purple Haze buds typically acquire vibrant hues of lavender that further justify the naming of this strain.","['Happy 61%', 'Euphoric 60%', 'Uplifted 52%', 'Creative 45%', 'Energetic 42%']","['Stress 36%', 'Anxiety 28%', 'Depression 26%', 'Pain 25%', 'Fatigue 12%']","['Dry mouth 38%', 'Dry eyes 22%', 'Dizzy 12%', 'Paranoid 10%', 'Headache 7%']",Sativa,4.2 ,1070 reviews
68,white-fire-og,17–23% THC,< 1% CBD,"['Limonene', 'Myrcene', 'Caryophyllene']",No relevant amounts,"White Fire OG, also known as WiFi OG, has uplifting and comfortable cerebral effects. This strain combines the best features of its parent strains: the sour, earthy, diesel aroma of Fire OG and the high resin production of The White, leaving the plants covered in a dusty snowfall of crystals. Many phenotypes exist, some with dense, barrel-like buds and others with pointed, conic formations. Daytime use of this strain won’t leave you drowsy, making it a good choice for social and creative activities. White Fire OG is often chosen by patients to treat anxiety and depression, cancer, glaucoma, pain, and appetite loss. Growers of White Fire OG can raise their high-yielding plants inside or outdoors with a 65-day flowering period.","['Happy 60%', 'Euphoric 52%', 'Uplifted 52%', 'Relaxed 52%', 'Energetic 38%']","['Stress 32%', 'Depression 30%', 'Anxiety 28%', 'Pain 26%', 'Fatigue 14%']","['Dry mouth 25%', 'Dry eyes 13%', 'Anxious 5%', 'Dizzy 4%', 'Paranoid 3%']",Hybrid,4.5 ,897 reviews
69,bubble-gum,14–18% THC,< 1% CBD,"['Myrcene', 'Pinene', 'Caryophyllene']",No relevant amounts,"Originally Bubble Gum was developed by growers in Indiana. From there the genetics moved to New England and eventually Holland. It took many generations to finally produce a stable Bubble Gum with the characteristic sweet smell and euphoric high. Bubble Gum was the winner of two awards in the Cannabis Cup of '94, and the 2nd place winner in '95 and again in '99.","['Happy 62%', 'Euphoric 54%', 'Relaxed 49%', 'Uplifted 43%', 'Creative 33%']","['Stress 39%', 'Depression 28%', 'Anxiety 27%', 'Pain 27%', 'Insomnia 15%']","['Dry mouth 32%', 'Dry eyes 21%', 'Dizzy 9%', 'Paranoid 7%', 'Headache 6%']",Hybrid,4.1 ,1050 reviews
70,cinderella-99,13–17% THC,< 1% CBD,"['Myrcene', 'Caryophyllene', 'Limonene']",No relevant amounts,"Cinderella 99, otherwise known as C99, or simply “Cindy,” is a sativa-dominant hybrid bred by Mr. Soul of Brothers Grimm. She’s best known for her potent cerebral high, sweet fruity flavors, and epic yields.  According to Mr. Soul, C99 was created using seeds found in a Sensi branded 2 gram package of Jack Herer purchased at an Amsterdam coffee shop.  Cinderella 99 is very popular with indoor growers because of its short, bushy stature, high yields, short flowering time, and high THC content. Cindy’s effects are usually described as dreamy, euphoric, and uplifting.","['Happy 61%', 'Euphoric 56%', 'Uplifted 54%', 'Energetic 51%', 'Creative 39%']","['Stress 35%', 'Depression 32%', 'Anxiety 29%', 'Pain 20%', 'Fatigue 15%']","['Dry mouth 25%', 'Dry eyes 14%', 'Paranoid 9%', 'Anxious 5%', 'Dizzy 5%']",Hybrid,4.2 ,1059 reviews
71,cookies-kush,15–20% THC,< 1% CBD,[],,"Cookies Kush from Barney's Coffeeshop combines GSC with the Rolex phenotype of OG Kush, resulting in a potent indica worthy of 1st place in High Times' 2014 Amsterdam Cannabis Cup in the ""Best Coffeeshop Strain"" category.","['Relaxed 81%', 'Happy 56%', 'Sleepy 51%', 'Euphoric 46%', 'Hungry 36%']","['Stress 38%', 'Anxiety 27%', 'Pain 26%', 'Insomnia 21%', 'Depression 19%']","['Dry mouth 31%', 'Dry eyes 24%', 'Dizzy 10%', 'Paranoid 4%', 'Anxious 2%']",Indica,4.5 ,279 reviews
72,zookies,17–20% THC,< 1% CBD,"['Caryophyllene', 'Limonene', 'Humulene']",No relevant amounts,"A project from Alien Labs, Zookies is a cross of Animals Cookies and Original Glue. The result is a level-headed hybrid that is as delicious as it is potent. The strain has a unique terpene profile, aroma, and flavor of sweet nutty cookies with a hint of diesel. Zookies is a great choice for someone looking for a strong high without getting stuck in the couch.","['Relaxed 90%', 'Uplifted 65%', 'Happy 65%', 'Focused 55%', 'Euphoric 50%']","['Anxiety 40%', 'Stress 25%', 'Pain 25%', 'Arthritis 20%', 'Inflammation 15%']",,Hybrid,4.7 ,42 reviews
73,cheese,14–18% THC,< 1% CBD,"['Caryophyllene', 'Limonene', 'Myrcene']",No relevant amounts,"Named for its sharply sour aroma, Cheese is an indica-dominant hybrid from the U.K. that has achieved widespread popularity for its unique flavor and consistent potency. With origins that stretch back to the late 1980s, Cheese is said to descend from a Skunk #1 phenotype whose pungent aroma made it stand out. Breeders like Big Buddha Seeds later introduced Afghani indica genetics to increase Cheese’s trichome production and yields. The resulting strain is now well-known for its relaxed, happy effects that gently ease you into a blissful state of mind.","['Happy 56%', 'Relaxed 55%', 'Euphoric 50%', 'Uplifted 39%', 'Hungry 34%']","['Stress 42%', 'Pain 33%', 'Anxiety 33%', 'Depression 25%', 'Insomnia 22%']","['Dry mouth 39%', 'Dry eyes 25%', 'Paranoid 10%', 'Dizzy 10%', 'Headache 6%']",Hybrid,4 ,1518 reviews
74,jet-fuel,16–20% THC,< 1% CBD,"['Myrcene', 'Caryophyllene', 'Limonene']",No relevant amounts,"Jet Fuel, also known as G6, from 303 Seeds is the ultimate cross of some of the most renowned Diesel strains. By combining Aspen OG with High Country Diesel, we are left with a hybrid that stays true to the influence of SFV OG Kush and East Coast Sour Diesel in its lineage. The name Jet Fuel isn’t purely devoted to the sweet, pungent aroma of diesel fumes that this strain exudes, but also the high-energy jolt of uplifting effects that eventually level off to provide a dream-like state of relaxation.","['Happy 57%', 'Relaxed 56%', 'Uplifted 52%', 'Euphoric 48%', 'Energetic 39%']","['Stress 34%', 'Depression 28%', 'Pain 26%', 'Anxiety 21%', 'Fatigue 16%']","['Dry mouth 21%', 'Dry eyes 13%', 'Dizzy 5%', 'Anxious 5%', 'Paranoid 4%']",Hybrid,4.6 ,466 reviews
75,mango-kush,16–21% THC,< 1% CBD,"['Myrcene', 'Caryophyllene', 'Pinene']",No relevant amounts,"The Mango Kush marijuana strain tastes similar to the actual mango fruit, with a distinct kush flavor and hints of pine on the exhale. Its buds are covered with orange pistils and are described as very dense. The plant has an average growth height of 4-5 feet. Flowering is 9-11 weeks and is a favorite with both indoor and outdoor growers. The buds have thick shiny trichomes which are evident when the bud is broken apart. The smell and taste are the same and described as mango and banana. ","['Happy 64%', 'Relaxed 51%', 'Euphoric 48%', 'Uplifted 41%', 'Giggly 35%']","['Stress 36%', 'Anxiety 25%', 'Depression 22%', 'Pain 21%', 'Insomnia 15%']","['Dry mouth 36%', 'Dry eyes 24%', 'Dizzy 9%', 'Paranoid 7%', 'Headache 4%']",Hybrid,4.2 ,1116 reviews
76,lsd,14–19% THC,< 1% CBD,"['Terpinolene', 'Pinene', 'Myrcene']",No relevant amounts,"The LSD strain was bred by Barneys Farm, with a lineage from Mazar-I-Sharif and Skunk #1. It is a disease-resistant plant that does well in most growing conditions. The buds form in curved triangles, yielding approximately 600 grams per square meter. Flowering time is approximately 8-9 weeks. This strain is popular for its vivid euphoric experience and powerful body buzz.","['Euphoric 66%', 'Happy 63%', 'Uplifted 53%', 'Relaxed 52%', 'Creative 43%']","['Stress 41%', 'Depression 32%', 'Anxiety 31%', 'Pain 29%', 'Insomnia 14%']","['Dry mouth 34%', 'Dry eyes 20%', 'Dizzy 10%', 'Paranoid 7%', 'Anxious 6%']",Hybrid,4.3 ,1040 reviews
77,lemon-og,16–22% THC,< 1% CBD,[],No relevant amounts,"What this skunky indica lacks in longevity it makes up for in speed. A cross between the mythical Las Vegas Lemon Skunk and The OG #18, Lemon OG provides users with a quick-acting sleepy head sensation. While Lemon OG has inherited a skunky aroma from its kush relatives, this particular strain is mild tasting and pleasant smelling with fruity undertones. Lemon OG tends to feel more psychoactive than other members of the kush family, but still offers a heavy, medicated feel. The strain is great for stress relief and increasing appetite. These plants usually flower in 8-10 weeks.","['Relaxed 63%', 'Happy 54%', 'Euphoric 45%', 'Uplifted 39%', 'Creative 31%']","['Stress 29%', 'Anxiety 26%', 'Pain 26%', 'Depression 19%', 'Insomnia 18%']","['Dry mouth 30%', 'Dry eyes 16%', 'Dizzy 6%', 'Paranoid 5%', 'Anxious 5%']",Hybrid,4.2 ,446 reviews
78,grease-monkey,19–24% THC,< 1% CBD,"['Caryophyllene', 'Limonene', 'Myrcene']",No relevant amounts,"Grease Monkey is a sweet, earthy strain with strong skunky overtones. Created by Exotic Genetix, Grease Monkey is a cross of GG4 x Cookies and Cream. This strain saddles the consumer with a lazy, munchie-fueled body buzz that may soften the blow of chronic pain, nausea, and stress. While defined as a hybrid, this Grease Monkey’s deep relaxation will naturally lead some consumers toward sleep, so mind your dosage. 
  ","['Relaxed 82%', 'Euphoric 57%', 'Happy 55%', 'Sleepy 41%', 'Uplifted 39%']","['Stress 37%', 'Pain 33%', 'Anxiety 28%', 'Insomnia 24%', 'Depression 23%']","['Dry mouth 25%', 'Dry eyes 13%', 'Dizzy 3%', 'Anxious 2%', 'Headache 1%']",Hybrid,4.7 ,246 reviews
79,kosher-kush,18–22% THC,< 1% CBD,"['Myrcene', 'Limonene', 'Caryophyllene']",No relevant amounts,"Kosher Kush, offered now in seed form from DNA Genetics, originated in Los Angeles as a clone-only strain. Winner of High Times Cannabis Cup’s Best Indica in 2010 and 2011, as well as Best Strain in 2011, Kosher Kush produces staggering levels of THC. Known as one of the most odiferous OG Kush-related strains, it has a unique yet familiar smell reminiscent of rich earth and fruit, and is considered by many to be one of the tastiest smokes around. The high experienced is typical of many heavy strains, producing pronounced relaxation and pain relief, with sleep often following close behind.  ","['Relaxed 68%', 'Sleepy 53%', 'Happy 46%', 'Euphoric 43%', 'Hungry 26%']","['Stress 36%', 'Insomnia 34%', 'Pain 33%', 'Anxiety 27%', 'Depression 22%']","['Dry mouth 31%', 'Dry eyes 16%', 'Dizzy 6%', 'Paranoid 3%', 'Anxious 1%']",Indica,4.5 ,860 reviews
80,critical-kush,15–20% THC,< 1% CBD,"['Myrcene', 'Caryophyllene', 'Limonene']",No relevant amounts,"Critical Kush from Barney’s Farm is a mostly indica strain that blends together two famed cannabis staples, Critical Mass and OG Kush. Aromatic notes of earthiness and spice usher in a calming sensation that relaxes the mind and body. Critical Kush pairs a staggeringly high THC content with a moderate dose of CBD, making this strain a perfect nighttime medication for pain, stress, insomnia, and muscle spasms. Growers cultivating this strain indoors will wait 50 to 60 days for Critical Kush to complete its flowering cycle.","['Relaxed 81%', 'Happy 55%', 'Sleepy 49%', 'Euphoric 42%', 'Uplifted 31%']","['Stress 37%', 'Pain 34%', 'Insomnia 29%', 'Depression 28%', 'Anxiety 27%']","['Dry mouth 33%', 'Dry eyes 19%', 'Dizzy 7%', 'Anxious 4%', 'Paranoid 3%']",Indica,4.4 ,651 reviews
81,lemon-kush,17–21% THC,< 1% CBD,"['Myrcene', 'Pinene', 'Caryophyllene']",No relevant amounts,"The general consensus surrounding Lemon Kush is that is a cross between Master Kush and Lemon Joy. However, breeder specific variations exist. Alien Genetics, for example, explains their Lemon Kush as a hybrid between Lemon G, a prized strain from Ohio, and an Afghan Kush. The genetics are the only area of dispute as everyone will agree that the sweet flavors of lemon and citrus mix exceptionally well with the earthy kush undertones. The light green buds are covered in a white frosting of trichomes and provide uplifting and creative effects. Lemon Kush is the perfect solution for when the stresses of life have you feeling sour.","['Happy 63%', 'Uplifted 51%', 'Relaxed 51%', 'Euphoric 51%', 'Creative 31%']","['Stress 40%', 'Anxiety 31%', 'Depression 28%', 'Pain 23%', 'Insomnia 15%']","['Dry mouth 40%', 'Dry eyes 20%', 'Dizzy 10%', 'Paranoid 10%', 'Anxious 6%']",Hybrid,4.1 ,1169 reviews
82,white-rhino,15–19% THC,< 1% CBD,"['Caryophyllene', 'Myrcene', 'Limonene']",No relevant amounts,"White Rhino is a hybrid of White Widow and an unknown North American indica strain, resulting a bushy and stout plant. This strain is said to descend from cultivars sourced from Afghanistan, Brazil, and India. White Rhino's high THC content makes it a popular choice among consumers looking for heavy-handed relaxation and symptom relief.","['Relaxed 57%', 'Happy 51%', 'Euphoric 48%', 'Sleepy 34%', 'Uplifted 33%']","['Stress 39%', 'Pain 33%', 'Anxiety 28%', 'Insomnia 23%', 'Depression 20%']","['Dry mouth 39%', 'Dry eyes 19%', 'Dizzy 7%', 'Paranoid 7%', 'Headache 6%']",Indica,4.1 ,1126 reviews
83,pink-kush,15–18% THC,< 1% CBD,[],No relevant amounts,"Pink Kush, as coveted as its OG Kush relative, is an indica-dominant hybrid with powerful body-focused effects. In its exceptional variations, pink hairs burst from bright green buds barely visible under a blanket of sugar-like trichomes, with traces of a sweet vanilla and candy perfume. The potency of this strain could be considered overpowering, and even small doses are known to eliminate pain, insomnia, and appetite loss. Growers have to wait 10 to 11 weeks for Pink Kush’s flowering, but high yields of top-shelf buds are worth the wait.","['Relaxed 78%', 'Happy 60%', 'Euphoric 47%', 'Sleepy 43%', 'Uplifted 35%']","['Stress 40%', 'Pain 35%', 'Insomnia 29%', 'Depression 29%', 'Anxiety 26%']","['Dry mouth 34%', 'Dry eyes 18%', 'Dizzy 5%', 'Anxious 4%', 'Paranoid 4%']",Hybrid,4.5 ,672 reviews
84,acdc,< 1% THC,11–15% CBD,"['Myrcene', 'Pinene', 'Caryophyllene']",No relevant amounts,"ACDC is a sativa-dominant phenotype of the high-CBD cannabis strain Cannatonic with a remarkably high CBD:THC ratio. This strain induces little-to-no intoxicating effects and helps many patients treat various ailments like pain, anxiety, epilepsy, multiple sclerosis, and the negative effects of chemotherapy, all with a clear head.","['Relaxed 66%', 'Happy 42%', 'Uplifted 36%', 'Focused 35%', 'Energetic 19%']","['Pain 44%', 'Stress 40%', 'Anxiety 37%', 'Inflammation 27%', 'Depression 24%']","['Dry mouth 11%', 'Dry eyes 4%', 'Anxious 2%', 'Headache 2%', 'Dizzy 2%']",Hybrid,4.5 ,750 reviews
85,slurricane,17–19% THC,< 1% CBD,[],,"Bred by In House Genetics, Slurricane crosses Do-Si-Dos and Purple Punch. This pungent, indica-dominant hybrid’s terpene profile pushes heavy aromas of creamy OG with undertones of tropical blueberries. ","['Relaxed 68%', 'Happy 43%', 'Euphoric 37%', 'Uplifted 31%', 'Sleepy 25%']","['Anxiety 12%', 'Arthritis 6%', 'PTSD 6%', 'ADD/ADHD 3%', 'Bipolar disorder 3%']","['Dry eyes 12%', 'Dry mouth 12%', 'Dizzy 3%']",Indica,4.7 ,43 reviews
86,gelato-33,16–21% THC,< 1% CBD,"['Limonene', 'Caryophyllene', 'Linalool']",No relevant amounts,"Originally from the famous Cookie Fam of the Bay Area, Gelato is a cross between Sunset Sherbet and Thin Mint GSC. Since its birth, a number of phenotypes have been released, all with their own unique attributes. One of them is Gelato #33, a balanced hybrid with compact buds, staying true to its Cookie genetics. Like other Gelato phenotypes, Gelato #33 is covered with fiery orange hairs while its buds can be dark green to purple. With sweet citrus and fruity flavors, Gelato #33 offers an uplifting and energetic high that is perfect for any post-work activity after a long day.","['Happy 72%', 'Relaxed 68%', 'Uplifted 67%', 'Euphoric 60%', 'Focused 43%']","['Stress 38%', 'Anxiety 34%', 'Depression 32%', 'Pain 31%', 'Muscle spasms 17%']","['Dry mouth 19%', 'Dry eyes 13%', 'Dizzy 8%', 'Anxious 1%', 'Headache 1%']",Hybrid,4.6 ,101 reviews
87,ghost-og,17–23% THC,< 1% CBD,"['Myrcene', 'Limonene', 'Caryophyllene']",No relevant amounts,"Ghost OG, a cut of OG Kush, is a hybrid strain loved for its balanced cerebral and body effects. Often described as simultaneously potent and non-intrusive, Ghost OG has won itself Cup awards and renown among consumers. Its strong citrus smell and crystal-covered buds hint at this strain’s strong genetics and its ability to annihilate pain, insomnia, depression, and anxiety. ","['Relaxed 66%', 'Happy 51%', 'Euphoric 41%', 'Uplifted 33%', 'Sleepy 28%']","['Stress 34%', 'Pain 30%', 'Anxiety 26%', 'Depression 26%', 'Insomnia 21%']","['Dry mouth 22%', 'Dry eyes 12%', 'Paranoid 4%', 'Dizzy 3%', 'Headache 3%']",Hybrid,4.5 ,554 reviews
88,thin-mint,16–21% THC,< 1% CBD,"['Caryophyllene', 'Limonene', 'Humulene']",No relevant amounts,"Thin Mint, a hybrid cross containing Durban Poison and OG Kush genetics, is a phenotype of the legendary GSC strain. Dark green and royal purple hues peek through a heavy coat of crystals, with a sweet minty smell that gives a full explanation of this strain’s name. Thin Mint calls upon the powers of its indica, sativa, and hybrid ancestors for a powerful full-body effect that gives this strain its sterling reputation. The high psychoactivity of this strain is not for novice consumers, but patients with a variety of symptoms are giving Thin Mint their seal of approval: severe pain, nausea, swelling, insomnia, and appetite loss are no match for the potency of Thin Mint.","['Relaxed 68%', 'Happy 59%', 'Euphoric 56%', 'Uplifted 52%', 'Creative 32%']","['Stress 35%', 'Depression 31%', 'Pain 26%', 'Anxiety 24%', 'Lack of appetite 19%']","['Dry mouth 25%', 'Dry eyes 12%', 'Dizzy 6%', 'Anxious 5%', 'Paranoid 5%']",Hybrid,4.5 ,733 reviews
89,blackberry-kush,13–18% THC,< 1% CBD,"['Myrcene', 'Limonene', 'Caryophyllene']",No relevant amounts,"This mostly indica strain is a mix of Afghani and Blackberry strains and has beautiful dark purple buds with orange hairs. Plants will flower at 7-8 weeks and are not particularly high yielders, but the dense, hard nugs have crystals throughout. Blackberry Kush tends to have a hashy, jet fuel smell and taste that is balanced by sweet berries. Blackberry Kush is often recommended for the treatment of pain thanks to its strong body effects. 
  ","['Relaxed 59%', 'Happy 47%', 'Sleepy 47%', 'Euphoric 45%', 'Hungry 29%']","['Stress 42%', 'Pain 38%', 'Insomnia 36%', 'Anxiety 33%', 'Depression 21%']","['Dry mouth 31%', 'Dry eyes 18%', 'Dizzy 5%', 'Headache 5%', 'Paranoid 3%']",Indica,4.2 ,1848 reviews
90,wedding-crasher,21–25% THC,< 1% CBD,"['Caryophyllene', 'Myrcene', 'Limonene']",,"Produced by Symbiotic Genetics, Wedding Crasher is a beautiful cross of Wedding Cake and Purple Punch. By mixing the smooth vanilla flavors of Wedding Cake with the sweet grape notes of Purple Punch, Symbiotic has developed a mellow, earthy strain with sharp gassy highlights and a sweet berry finish. ","['Happy 64%', 'Uplifted 54%', 'Relaxed 50%', 'Focused 45%', 'Euphoric 39%']","['Anxiety 31%', 'Stress 27%', 'Depression 27%', 'PTSD 19%', 'Pain 19%']","['Dry mouth 33%', 'Dry eyes 13%', 'Dizzy 5%', 'Headache 3%', 'Anxious 1%']",Hybrid,4.8 ,77 reviews
91,acapulco-gold,15–20% THC,< 1% CBD,"['Caryophyllene', 'Limonene', 'Myrcene']",No relevant amounts,"One of the most well-known strains, Acapulco Gold has been likened to dinner at a five-star restaurant. This strain comes from the area in and around Acapulco, Mexico, and its orange hairs resemble a gold nugget, with gold, green, and brown colors and plenty of resin on the buds. An aroma of burnt toffee lingers when the bud is broken up. Acapulco Gold has a reputation for being one of the best cannabis strains ever created, and it's becoming more difficult to find. ","['Happy 63%', 'Uplifted 55%', 'Euphoric 49%', 'Creative 44%', 'Energetic 40%']","['Stress 36%', 'Depression 30%', 'Anxiety 28%', 'Pain 21%', 'Fatigue 18%']","['Dry mouth 25%', 'Dry eyes 16%', 'Paranoid 6%', 'Anxious 5%', 'Dizzy 4%']",Sativa,4.5 ,618 reviews
92,superglue,17–21% THC,< 1% CBD,"['Caryophyllene', 'Limonene', 'Myrcene']",No relevant amounts,"Superglue is a hybrid strain bred by Seedism Seeds. A cross between Afghani and Northern Lights, Superglue inherits indica growth patterns along with a sweet caramel and pine aroma. Superglue brings calming relaxation to the mind and body, but leaves you functional and energetic enough for social activities or a productive afternoon.","['Relaxed 89%', 'Happy 68%', 'Euphoric 58%', 'Uplifted 47%', 'Focused 38%']","['Stress 43%', 'Anxiety 32%', 'Pain 31%', 'Depression 30%', 'Insomnia 21%']","['Dry mouth 32%', 'Dry eyes 13%', 'Dizzy 5%', 'Anxious 4%', 'Headache 2%']",Hybrid,4.7 ,329 reviews
93,afghan-kush,14–19% THC,< 1% CBD,"['Myrcene', 'Limonene', 'Caryophyllene']",No relevant amounts,"Afghan Kush's roots trace back to the Hindu Kush mountain range near the Afghanistan-Pakistan border. It has been perfected over centuries, making it the ultimate source for hash such as charas and the sticky black Afghani hash. White Label Seed Company, a Sensi Seeds partner from the Netherlands, made its seeds available for everyone to grow. The buds of Afghan Kush develop into massive, blunt-topped nuggets full of resin and coming in big yields. Revered for its heavy resin content and powerfully sedating effects, Afghan Kush is a top choice for anyone looking to relax after a long day.","['Relaxed 52%', 'Sleepy 48%', 'Happy 46%', 'Hungry 43%', 'Euphoric 43%']","['Stress 41%', 'Pain 34%', 'Anxiety 32%', 'Insomnia 29%', 'Depression 21%']","['Dry mouth 47%', 'Dry eyes 30%', 'Dizzy 13%', 'Paranoid 9%', 'Headache 6%']",Indica,4 ,1149 reviews
94,golden-goat,16–20% THC,< 1% CBD,"['Terpinolene', 'Caryophyllene', 'Myrcene']",No relevant amounts,"Golden Goat was created by accident in Topeka, Kansas, when a male Hawaiian-Romulan pollinated Mr. Dank's Island Sweet Skunk. The scent is described as being a combination of sweet, sour, and spicy, with a tropical fruit flavor. Its full-body effects provide a delightful rush of euphoria and creative spark. Golden Goat's flowering time is 9 to 11 weeks, with a golden appearance closer to harvest.","['Happy 63%', 'Uplifted 56%', 'Euphoric 55%', 'Relaxed 46%', 'Energetic 45%']","['Stress 39%', 'Depression 31%', 'Anxiety 27%', 'Pain 24%', 'Fatigue 15%']","['Dry mouth 27%', 'Dry eyes 15%', 'Paranoid 6%', 'Dizzy 5%', 'Anxious 4%']",Hybrid,4.5 ,1225 reviews
95,khalifa-kush,19–20% THC,< 1% CBD,[],No relevant amounts,"Khalifa Kush, or Wiz Khalifa OG,  is a hybrid that was bred specifically for the rap artist Wiz Khalifa, who claims it descended from an OG strain. The ‘real’ Khalifa Kush is supposedly unavailable to the public, but those who have acquired strains under this name say that the effects and aromas are similar to that of OG Kush: sour lemon and pine, with an active cerebral buzz ideal for morning and daytime use.","['Happy 65%', 'Relaxed 63%', 'Euphoric 52%', 'Uplifted 52%', 'Creative 40%']","['Stress 33%', 'Depression 29%', 'Pain 24%', 'Anxiety 21%', 'Lack of appetite 16%']","['Dry mouth 23%', 'Dry eyes 13%', 'Dizzy 5%', 'Anxious 3%', 'Paranoid 3%']",Hybrid,4.6 ,598 reviews
96,gods-gift,14–17% THC,< 1% CBD,"['Myrcene', 'Pinene', 'Caryophyllene']",No relevant amounts,"A strain that became popular in California dispensaries in 2005, God's Gift contains flavors of grape, citrus, and hash. Its parents are Granddaddy Purple and OG Kush. No matter what your belief system, this strain is a ""gift"" with its dreamy, blissful effects. Its flowering time usually takes approximately 8-9 weeks.","['Relaxed 64%', 'Happy 54%', 'Euphoric 49%', 'Sleepy 41%', 'Uplifted 34%']","['Stress 41%', 'Anxiety 33%', 'Pain 32%', 'Insomnia 29%', 'Depression 22%']","['Dry mouth 33%', 'Dry eyes 21%', 'Dizzy 7%', 'Paranoid 6%', 'Headache 4%']",Indica,4.4 ,1235 reviews
97,banana-og,18–23% THC,< 1% CBD,"['Limonene', 'Caryophyllene', 'Pinene']",No relevant amounts,"Banana OG is an indica-dominant cross of OG Kush and Banana. With a smell and flavor of overripe bananas, this hybrid definitely earns its name. Banana OG has has a reputation as a creeper, leaving those who over-imbibe in a near comatose state before intense hunger and sleepiness set in. Patients treating muscular pain, appetite loss, and insomnia may benefit from Banana OG.","['Relaxed 56%', 'Euphoric 44%', 'Happy 43%', 'Sleepy 29%', 'Uplifted 28%']","['Stress 30%', 'Pain 26%', 'Anxiety 26%', 'Insomnia 23%', 'Depression 18%']","['Dry mouth 26%', 'Dry eyes 14%', 'Dizzy 8%', 'Paranoid 6%', 'Anxious 5%']",Hybrid,4.3 ,459 reviews
98,lemon-skunk,15–20% THC,< 1% CBD,"['Caryophyllene', 'Limonene', 'Myrcene']",No relevant amounts,"Lemon Skunk was bred from two separate Skunk phenotypes that displayed exceptionally zesty lemon traits. The skunky, citrus flavor draws you in immediately, and the happy, energetic buzz will shake you out of any funk. DNA Genetics has developed Lemon Skunk as a great strain for combating depression and stress.","['Happy 64%', 'Uplifted 52%', 'Euphoric 51%', 'Relaxed 44%', 'Energetic 38%']","['Stress 36%', 'Depression 30%', 'Anxiety 29%', 'Pain 23%', 'Fatigue 13%']","['Dry mouth 27%', 'Dry eyes 15%', 'Dizzy 7%', 'Paranoid 7%', 'Headache 5%']",Hybrid,4.3 ,959 reviews
99,chocolope,13–18% THC,< 1% CBD,"['Myrcene', 'Caryophyllene', 'Limonene']",No relevant amounts,"DNA Genetics developed Chocolope by crossing Chocolate Thai with Cannalope Haze to create their homage to the Chocolate strains of the 1980s. The hefty sativa buds give earthy, sweet coffee flavors that provide a dreamy, cerebral effect. Consumers report a strong, euphoric mental shift that is great when coping with depression or stress.","['Happy 63%', 'Uplifted 60%', 'Euphoric 51%', 'Energetic 49%', 'Creative 39%']","['Stress 44%', 'Depression 34%', 'Anxiety 29%', 'Pain 19%', 'Fatigue 16%']","['Dry mouth 24%', 'Dry eyes 15%', 'Dizzy 5%', 'Paranoid 4%', 'Anxious 4%']",Sativa,4.3 ,1276 reviews
